"filename", "language", "JSON", "Markdown", "JavaScript", "JSON with Comments", "HTML", "TypeScript", "SCSS", "XML", "CSS", "comment", "blank", "total"
"/usr/local/projects/metadata-annotation/metadata-annotation-frontend/README.md", "Markdown", 0, 14, 0, 0, 0, 0, 0, 0, 0, 0, 14, 28
"/usr/local/projects/metadata-annotation/metadata-annotation-frontend/angular.json", "JSON", 110, 0, 0, 0, 0, 0, 0, 0, 0, 0, 1, 111
"/usr/local/projects/metadata-annotation/metadata-annotation-frontend/karma.conf.js", "JavaScript", 0, 0, 43, 0, 0, 0, 0, 0, 0, 6, 2, 51
"/usr/local/projects/metadata-annotation/metadata-annotation-frontend/package-lock.json", "JSON", 12049, 0, 0, 0, 0, 0, 0, 0, 0, 0, 1, 12050
"/usr/local/projects/metadata-annotation/metadata-annotation-frontend/package.json", "JSON", 43, 0, 0, 0, 0, 0, 0, 0, 0, 0, 1, 44
"/usr/local/projects/metadata-annotation/metadata-annotation-frontend/src/app/app-routing.module.ts", "TypeScript", 0, 0, 0, 0, 0, 30, 0, 0, 0, 0, 3, 33
"/usr/local/projects/metadata-annotation/metadata-annotation-frontend/src/app/app.component.html", "HTML", 0, 0, 0, 0, 17, 0, 0, 0, 0, 0, 3, 20
"/usr/local/projects/metadata-annotation/metadata-annotation-frontend/src/app/app.component.scss", "SCSS", 0, 0, 0, 0, 0, 0, 24, 0, 0, 0, 7, 31
"/usr/local/projects/metadata-annotation/metadata-annotation-frontend/src/app/app.component.spec.ts", "TypeScript", 0, 0, 0, 0, 0, 24, 0, 0, 0, 0, 6, 30
"/usr/local/projects/metadata-annotation/metadata-annotation-frontend/src/app/app.component.ts", "TypeScript", 0, 0, 0, 0, 0, 75, 0, 0, 0, 46, 28, 149
"/usr/local/projects/metadata-annotation/metadata-annotation-frontend/src/app/app.module.ts", "TypeScript", 0, 0, 0, 0, 0, 76, 0, 0, 0, 18, 8, 102
"/usr/local/projects/metadata-annotation/metadata-annotation-frontend/src/app/modules/administration/administration-routing.module.ts", "TypeScript", 0, 0, 0, 0, 0, 25, 0, 0, 0, 2, 4, 31
"/usr/local/projects/metadata-annotation/metadata-annotation-frontend/src/app/modules/administration/administration.module.ts", "TypeScript", 0, 0, 0, 0, 0, 38, 0, 0, 0, 0, 5, 43
"/usr/local/projects/metadata-annotation/metadata-annotation-frontend/src/app/modules/administration/components/administration-autocomplete/administration-autocomplete.component.html", "HTML", 0, 0, 0, 0, 158, 0, 0, 0, 0, 25, 42, 225
"/usr/local/projects/metadata-annotation/metadata-annotation-frontend/src/app/modules/administration/components/administration-autocomplete/administration-autocomplete.component.scss", "SCSS", 0, 0, 0, 0, 0, 0, 197, 0, 0, 0, 84, 281
"/usr/local/projects/metadata-annotation/metadata-annotation-frontend/src/app/modules/administration/components/administration-autocomplete/administration-autocomplete.component.spec.ts", "TypeScript", 0, 0, 0, 0, 0, 20, 0, 0, 0, 0, 6, 26
"/usr/local/projects/metadata-annotation/metadata-annotation-frontend/src/app/modules/administration/components/administration-autocomplete/administration-autocomplete.component.ts", "TypeScript", 0, 0, 0, 0, 0, 241, 0, 0, 0, 152, 108, 501
"/usr/local/projects/metadata-annotation/metadata-annotation-frontend/src/app/modules/administration/components/administration-render-options/administration-render-options-details/administration-render-options-details.component.html", "HTML", 0, 0, 0, 0, 85, 0, 0, 0, 0, 9, 16, 110
"/usr/local/projects/metadata-annotation/metadata-annotation-frontend/src/app/modules/administration/components/administration-render-options/administration-render-options-details/administration-render-options-details.component.scss", "SCSS", 0, 0, 0, 0, 0, 0, 29, 0, 0, 2, 12, 43
"/usr/local/projects/metadata-annotation/metadata-annotation-frontend/src/app/modules/administration/components/administration-render-options/administration-render-options-details/administration-render-options-details.component.spec.ts", "TypeScript", 0, 0, 0, 0, 0, 20, 0, 0, 0, 0, 6, 26
"/usr/local/projects/metadata-annotation/metadata-annotation-frontend/src/app/modules/administration/components/administration-render-options/administration-render-options-details/administration-render-options-details.component.ts", "TypeScript", 0, 0, 0, 0, 0, 98, 0, 0, 0, 59, 39, 196
"/usr/local/projects/metadata-annotation/metadata-annotation-frontend/src/app/modules/administration/components/administration-render-options/administration-render-options.component.html", "HTML", 0, 0, 0, 0, 224, 0, 0, 0, 0, 35, 60, 319
"/usr/local/projects/metadata-annotation/metadata-annotation-frontend/src/app/modules/administration/components/administration-render-options/administration-render-options.component.scss", "SCSS", 0, 0, 0, 0, 0, 0, 234, 0, 0, 6, 95, 335
"/usr/local/projects/metadata-annotation/metadata-annotation-frontend/src/app/modules/administration/components/administration-render-options/administration-render-options.component.spec.ts", "TypeScript", 0, 0, 0, 0, 0, 20, 0, 0, 0, 0, 6, 26
"/usr/local/projects/metadata-annotation/metadata-annotation-frontend/src/app/modules/administration/components/administration-render-options/administration-render-options.component.ts", "TypeScript", 0, 0, 0, 0, 0, 304, 0, 0, 0, 181, 129, 614
"/usr/local/projects/metadata-annotation/metadata-annotation-frontend/src/app/modules/administration/components/administration-schemas/administration-schemas.component.html", "HTML", 0, 0, 0, 0, 95, 0, 0, 0, 0, 19, 30, 144
"/usr/local/projects/metadata-annotation/metadata-annotation-frontend/src/app/modules/administration/components/administration-schemas/administration-schemas.component.scss", "SCSS", 0, 0, 0, 0, 0, 0, 155, 0, 0, 0, 65, 220
"/usr/local/projects/metadata-annotation/metadata-annotation-frontend/src/app/modules/administration/components/administration-schemas/administration-schemas.component.spec.ts", "TypeScript", 0, 0, 0, 0, 0, 20, 0, 0, 0, 0, 6, 26
"/usr/local/projects/metadata-annotation/metadata-annotation-frontend/src/app/modules/administration/components/administration-schemas/administration-schemas.component.ts", "TypeScript", 0, 0, 0, 0, 0, 146, 0, 0, 0, 86, 64, 296
"/usr/local/projects/metadata-annotation/metadata-annotation-frontend/src/app/modules/administration/components/administration/administration.component.html", "HTML", 0, 0, 0, 0, 15, 0, 0, 0, 0, 0, 1, 16
"/usr/local/projects/metadata-annotation/metadata-annotation-frontend/src/app/modules/administration/components/administration/administration.component.scss", "SCSS", 0, 0, 0, 0, 0, 0, 30, 0, 0, 0, 11, 41
"/usr/local/projects/metadata-annotation/metadata-annotation-frontend/src/app/modules/administration/components/administration/administration.component.spec.ts", "TypeScript", 0, 0, 0, 0, 0, 20, 0, 0, 0, 0, 6, 26
"/usr/local/projects/metadata-annotation/metadata-annotation-frontend/src/app/modules/administration/components/administration/administration.component.ts", "TypeScript", 0, 0, 0, 0, 0, 13, 0, 0, 0, 0, 5, 18
"/usr/local/projects/metadata-annotation/metadata-annotation-frontend/src/app/modules/core/authguard/authguard.authgard.ts", "TypeScript", 0, 0, 0, 0, 0, 29, 0, 0, 0, 22, 10, 61
"/usr/local/projects/metadata-annotation/metadata-annotation-frontend/src/app/modules/core/components/footer/footer.component.html", "HTML", 0, 0, 0, 0, 5, 0, 0, 0, 0, 0, 1, 6
"/usr/local/projects/metadata-annotation/metadata-annotation-frontend/src/app/modules/core/components/footer/footer.component.scss", "SCSS", 0, 0, 0, 0, 0, 0, 6, 0, 0, 0, 4, 10
"/usr/local/projects/metadata-annotation/metadata-annotation-frontend/src/app/modules/core/components/footer/footer.component.spec.ts", "TypeScript", 0, 0, 0, 0, 0, 21, 0, 0, 0, 0, 6, 27
"/usr/local/projects/metadata-annotation/metadata-annotation-frontend/src/app/modules/core/components/footer/footer.component.ts", "TypeScript", 0, 0, 0, 0, 0, 10, 0, 0, 0, 6, 5, 21
"/usr/local/projects/metadata-annotation/metadata-annotation-frontend/src/app/modules/core/components/header/header.component.html", "HTML", 0, 0, 0, 0, 56, 0, 0, 0, 0, 4, 3, 63
"/usr/local/projects/metadata-annotation/metadata-annotation-frontend/src/app/modules/core/components/header/header.component.scss", "SCSS", 0, 0, 0, 0, 0, 0, 149, 0, 0, 5, 70, 224
"/usr/local/projects/metadata-annotation/metadata-annotation-frontend/src/app/modules/core/components/header/header.component.spec.ts", "TypeScript", 0, 0, 0, 0, 0, 21, 0, 0, 0, 0, 6, 27
"/usr/local/projects/metadata-annotation/metadata-annotation-frontend/src/app/modules/core/components/header/header.component.ts", "TypeScript", 0, 0, 0, 0, 0, 116, 0, 0, 0, 56, 43, 215
"/usr/local/projects/metadata-annotation/metadata-annotation-frontend/src/app/modules/core/components/side-nav/side-nav.component.html", "HTML", 0, 0, 0, 0, 39, 0, 0, 0, 0, 0, 5, 44
"/usr/local/projects/metadata-annotation/metadata-annotation-frontend/src/app/modules/core/components/side-nav/side-nav.component.scss", "SCSS", 0, 0, 0, 0, 0, 0, 44, 0, 0, 0, 25, 69
"/usr/local/projects/metadata-annotation/metadata-annotation-frontend/src/app/modules/core/components/side-nav/side-nav.component.spec.ts", "TypeScript", 0, 0, 0, 0, 0, 22, 0, 0, 0, 0, 6, 28
"/usr/local/projects/metadata-annotation/metadata-annotation-frontend/src/app/modules/core/components/side-nav/side-nav.component.ts", "TypeScript", 0, 0, 0, 0, 0, 15, 0, 0, 0, 9, 8, 32
"/usr/local/projects/metadata-annotation/metadata-annotation-frontend/src/app/modules/core/interceptors/loading.interceptor.spec.ts", "TypeScript", 0, 0, 0, 0, 0, 15, 0, 0, 0, 0, 4, 19
"/usr/local/projects/metadata-annotation/metadata-annotation-frontend/src/app/modules/core/interceptors/loading.interceptor.ts", "TypeScript", 0, 0, 0, 0, 0, 31, 0, 0, 0, 16, 9, 56
"/usr/local/projects/metadata-annotation/metadata-annotation-frontend/src/app/modules/core/services/data-transfer.service.ts", "TypeScript", 0, 0, 0, 0, 0, 66, 0, 0, 0, 71, 25, 162
"/usr/local/projects/metadata-annotation/metadata-annotation-frontend/src/app/modules/core/services/file.service.ts", "TypeScript", 0, 0, 0, 0, 0, 33, 0, 0, 0, 19, 15, 67
"/usr/local/projects/metadata-annotation/metadata-annotation-frontend/src/app/modules/core/services/keycloak.service.spec.ts", "TypeScript", 0, 0, 0, 0, 0, 12, 0, 0, 0, 0, 5, 17
"/usr/local/projects/metadata-annotation/metadata-annotation-frontend/src/app/modules/core/services/keycloak.service.ts", "TypeScript", 0, 0, 0, 0, 0, 197, 0, 0, 0, 101, 68, 366
"/usr/local/projects/metadata-annotation/metadata-annotation-frontend/src/app/modules/core/services/loading.service.spec.ts", "TypeScript", 0, 0, 0, 0, 0, 15, 0, 0, 0, 0, 5, 20
"/usr/local/projects/metadata-annotation/metadata-annotation-frontend/src/app/modules/core/services/loading.service.ts", "TypeScript", 0, 0, 0, 0, 0, 16, 0, 0, 0, 11, 9, 36
"/usr/local/projects/metadata-annotation/metadata-annotation-frontend/src/app/modules/core/services/update-navigation.service.spec.ts", "TypeScript", 0, 0, 0, 0, 0, 12, 0, 0, 0, 0, 5, 17
"/usr/local/projects/metadata-annotation/metadata-annotation-frontend/src/app/modules/core/services/update-navigation.service.ts", "TypeScript", 0, 0, 0, 0, 0, 22, 0, 0, 0, 18, 13, 53
"/usr/local/projects/metadata-annotation/metadata-annotation-frontend/src/app/modules/metadata-annotation-form/components/metadata-annotation-form-test-multi-output/metadata-annotation-form-test-multi-output.component.html", "HTML", 0, 0, 0, 0, 66, 0, 0, 0, 0, 0, 11, 77
"/usr/local/projects/metadata-annotation/metadata-annotation-frontend/src/app/modules/metadata-annotation-form/components/metadata-annotation-form-test-multi-output/metadata-annotation-form-test-multi-output.component.scss", "SCSS", 0, 0, 0, 0, 0, 0, 77, 0, 0, 3, 32, 112
"/usr/local/projects/metadata-annotation/metadata-annotation-frontend/src/app/modules/metadata-annotation-form/components/metadata-annotation-form-test-multi-output/metadata-annotation-form-test-multi-output.component.spec.ts", "TypeScript", 0, 0, 0, 0, 0, 28, 0, 0, 0, 0, 6, 34
"/usr/local/projects/metadata-annotation/metadata-annotation-frontend/src/app/modules/metadata-annotation-form/components/metadata-annotation-form-test-multi-output/metadata-annotation-form-test-multi-output.component.ts", "TypeScript", 0, 0, 0, 0, 0, 255, 0, 0, 0, 166, 144, 565
"/usr/local/projects/metadata-annotation/metadata-annotation-frontend/src/app/modules/metadata-annotation-form/components/metadata-annotation-form-test-multi/metadata-annotation-form-test-multi.component.html", "HTML", 0, 0, 0, 0, 66, 0, 0, 0, 0, 0, 11, 77
"/usr/local/projects/metadata-annotation/metadata-annotation-frontend/src/app/modules/metadata-annotation-form/components/metadata-annotation-form-test-multi/metadata-annotation-form-test-multi.component.scss", "SCSS", 0, 0, 0, 0, 0, 0, 77, 0, 0, 3, 32, 112
"/usr/local/projects/metadata-annotation/metadata-annotation-frontend/src/app/modules/metadata-annotation-form/components/metadata-annotation-form-test-multi/metadata-annotation-form-test-multi.component.spec.ts", "TypeScript", 0, 0, 0, 0, 0, 28, 0, 0, 0, 0, 6, 34
"/usr/local/projects/metadata-annotation/metadata-annotation-frontend/src/app/modules/metadata-annotation-form/components/metadata-annotation-form-test-multi/metadata-annotation-form-test-multi.component.ts", "TypeScript", 0, 0, 0, 0, 0, 234, 0, 0, 0, 150, 133, 517
"/usr/local/projects/metadata-annotation/metadata-annotation-frontend/src/app/modules/metadata-annotation-form/components/metadata-annotation-form-test-xml-input/metadata-annotation-form-test-xml-input.component.html", "HTML", 0, 0, 0, 0, 98, 0, 0, 0, 0, 3, 27, 128
"/usr/local/projects/metadata-annotation/metadata-annotation-frontend/src/app/modules/metadata-annotation-form/components/metadata-annotation-form-test-xml-input/metadata-annotation-form-test-xml-input.component.scss", "SCSS", 0, 0, 0, 0, 0, 0, 141, 0, 0, 19, 73, 233
"/usr/local/projects/metadata-annotation/metadata-annotation-frontend/src/app/modules/metadata-annotation-form/components/metadata-annotation-form-test-xml-input/metadata-annotation-form-test-xml-input.component.spec.ts", "TypeScript", 0, 0, 0, 0, 0, 27, 0, 0, 0, 0, 6, 33
"/usr/local/projects/metadata-annotation/metadata-annotation-frontend/src/app/modules/metadata-annotation-form/components/metadata-annotation-form-test-xml-input/metadata-annotation-form-test-xml-input.component.ts", "TypeScript", 0, 0, 0, 0, 0, 411, 0, 0, 0, 311, 232, 954
"/usr/local/projects/metadata-annotation/metadata-annotation-frontend/src/app/modules/metadata-annotation-form/components/metadata-annotation-form-test/metadata-annotation-form-test.component.html", "HTML", 0, 0, 0, 0, 103, 0, 0, 0, 0, 0, 11, 114
"/usr/local/projects/metadata-annotation/metadata-annotation-frontend/src/app/modules/metadata-annotation-form/components/metadata-annotation-form-test/metadata-annotation-form-test.component.scss", "SCSS", 0, 0, 0, 0, 0, 0, 74, 0, 0, 3, 31, 108
"/usr/local/projects/metadata-annotation/metadata-annotation-frontend/src/app/modules/metadata-annotation-form/components/metadata-annotation-form-test/metadata-annotation-form-test.component.spec.ts", "TypeScript", 0, 0, 0, 0, 0, 26, 0, 0, 0, 0, 6, 32
"/usr/local/projects/metadata-annotation/metadata-annotation-frontend/src/app/modules/metadata-annotation-form/components/metadata-annotation-form-test/metadata-annotation-form-test.component.ts", "TypeScript", 0, 0, 0, 0, 0, 185, 0, 0, 0, 94, 96, 375
"/usr/local/projects/metadata-annotation/metadata-annotation-frontend/src/app/modules/metadata-annotation-form/components/metadata-annotation-form/metadata-annotation-form.component.html", "HTML", 0, 0, 0, 0, 63, 0, 0, 0, 0, 0, 10, 73
"/usr/local/projects/metadata-annotation/metadata-annotation-frontend/src/app/modules/metadata-annotation-form/components/metadata-annotation-form/metadata-annotation-form.component.scss", "SCSS", 0, 0, 0, 0, 0, 0, 77, 0, 0, 3, 32, 112
"/usr/local/projects/metadata-annotation/metadata-annotation-frontend/src/app/modules/metadata-annotation-form/components/metadata-annotation-form/metadata-annotation-form.component.spec.ts", "TypeScript", 0, 0, 0, 0, 0, 26, 0, 0, 0, 0, 6, 32
"/usr/local/projects/metadata-annotation/metadata-annotation-frontend/src/app/modules/metadata-annotation-form/components/metadata-annotation-form/metadata-annotation-form.component.ts", "TypeScript", 0, 0, 0, 0, 0, 307, 0, 0, 0, 210, 193, 710
"/usr/local/projects/metadata-annotation/metadata-annotation-frontend/src/app/modules/metadata-annotation-form/metadata-annotation-form-routing.module.ts", "TypeScript", 0, 0, 0, 0, 0, 19, 0, 0, 0, 0, 3, 22
"/usr/local/projects/metadata-annotation/metadata-annotation-frontend/src/app/modules/metadata-annotation-form/metadata-annotation-form.module.ts", "TypeScript", 0, 0, 0, 0, 0, 29, 0, 0, 0, 0, 4, 33
"/usr/local/projects/metadata-annotation/metadata-annotation-frontend/src/app/modules/metadata-annotation-form/services/metadata-annotation-form-helper.service.ts", "TypeScript", 0, 0, 0, 0, 0, 130, 0, 0, 0, 82, 76, 288
"/usr/local/projects/metadata-annotation/metadata-annotation-frontend/src/app/modules/shared/components/alert/alert.component.html", "HTML", 0, 0, 0, 0, 24, 0, 0, 0, 0, 1, 14, 39
"/usr/local/projects/metadata-annotation/metadata-annotation-frontend/src/app/modules/shared/components/alert/alert.component.scss", "SCSS", 0, 0, 0, 0, 0, 0, 112, 0, 0, 0, 57, 169
"/usr/local/projects/metadata-annotation/metadata-annotation-frontend/src/app/modules/shared/components/alert/alert.component.spec.ts", "TypeScript", 0, 0, 0, 0, 0, 20, 0, 0, 0, 0, 6, 26
"/usr/local/projects/metadata-annotation/metadata-annotation-frontend/src/app/modules/shared/components/alert/alert.component.ts", "TypeScript", 0, 0, 0, 0, 0, 17, 0, 0, 0, 9, 9, 35
"/usr/local/projects/metadata-annotation/metadata-annotation-frontend/src/app/modules/shared/components/back-link/back-link.component.html", "HTML", 0, 0, 0, 0, 3, 0, 0, 0, 0, 0, 1, 4
"/usr/local/projects/metadata-annotation/metadata-annotation-frontend/src/app/modules/shared/components/back-link/back-link.component.scss", "SCSS", 0, 0, 0, 0, 0, 0, 13, 0, 0, 0, 8, 21
"/usr/local/projects/metadata-annotation/metadata-annotation-frontend/src/app/modules/shared/components/back-link/back-link.component.spec.ts", "TypeScript", 0, 0, 0, 0, 0, 20, 0, 0, 0, 0, 6, 26
"/usr/local/projects/metadata-annotation/metadata-annotation-frontend/src/app/modules/shared/components/back-link/back-link.component.ts", "TypeScript", 0, 0, 0, 0, 0, 24, 0, 0, 0, 8, 14, 46
"/usr/local/projects/metadata-annotation/metadata-annotation-frontend/src/app/modules/shared/components/loading-screen/loading-screen.component.html", "HTML", 0, 0, 0, 0, 16, 0, 0, 0, 0, 0, 4, 20
"/usr/local/projects/metadata-annotation/metadata-annotation-frontend/src/app/modules/shared/components/loading-screen/loading-screen.component.scss", "SCSS", 0, 0, 0, 0, 0, 0, 1, 0, 0, 0, 1, 2
"/usr/local/projects/metadata-annotation/metadata-annotation-frontend/src/app/modules/shared/components/loading-screen/loading-screen.component.spec.ts", "TypeScript", 0, 0, 0, 0, 0, 20, 0, 0, 0, 0, 6, 26
"/usr/local/projects/metadata-annotation/metadata-annotation-frontend/src/app/modules/shared/components/loading-screen/loading-screen.component.ts", "TypeScript", 0, 0, 0, 0, 0, 15, 0, 0, 0, 6, 10, 31
"/usr/local/projects/metadata-annotation/metadata-annotation-frontend/src/app/modules/shared/directives/directives.module.ts", "TypeScript", 0, 0, 0, 0, 0, 8, 0, 0, 0, 0, 2, 10
"/usr/local/projects/metadata-annotation/metadata-annotation-frontend/src/app/modules/shared/directives/user-icon.directive.spec.ts", "TypeScript", 0, 0, 0, 0, 0, 7, 0, 0, 0, 0, 2, 9
"/usr/local/projects/metadata-annotation/metadata-annotation-frontend/src/app/modules/shared/directives/user-icon.directive.ts", "TypeScript", 0, 0, 0, 0, 0, 7, 0, 0, 0, 0, 4, 11
"/usr/local/projects/metadata-annotation/metadata-annotation-frontend/src/app/modules/shared/models/alert-button.model.ts", "TypeScript", 0, 0, 0, 0, 0, 8, 0, 0, 0, 0, 2, 10
"/usr/local/projects/metadata-annotation/metadata-annotation-frontend/src/app/modules/shared/models/autocomplete-data.model.ts", "TypeScript", 0, 0, 0, 0, 0, 5, 0, 0, 0, 0, 2, 7
"/usr/local/projects/metadata-annotation/metadata-annotation-frontend/src/app/modules/shared/models/autocomplete-mapping.model.ts", "TypeScript", 0, 0, 0, 0, 0, 7, 0, 0, 0, 0, 1, 8
"/usr/local/projects/metadata-annotation/metadata-annotation-frontend/src/app/modules/shared/models/autocomplete-schema.model.ts", "TypeScript", 0, 0, 0, 0, 0, 5, 0, 0, 0, 0, 2, 7
"/usr/local/projects/metadata-annotation/metadata-annotation-frontend/src/app/modules/shared/models/autocomplete-server-data.model.ts", "TypeScript", 0, 0, 0, 0, 0, 24, 0, 0, 0, 0, 2, 26
"/usr/local/projects/metadata-annotation/metadata-annotation-frontend/src/app/modules/shared/models/dependency.model.ts", "TypeScript", 0, 0, 0, 0, 0, 5, 0, 0, 0, 0, 1, 6
"/usr/local/projects/metadata-annotation/metadata-annotation-frontend/src/app/modules/shared/models/keycloak-user-information.model.ts", "TypeScript", 0, 0, 0, 0, 0, 10, 0, 0, 0, 0, 1, 11
"/usr/local/projects/metadata-annotation/metadata-annotation-frontend/src/app/modules/shared/models/metadata-created-tab-content.model.spec.ts", "TypeScript", 0, 0, 0, 0, 0, 6, 0, 0, 0, 0, 2, 8
"/usr/local/projects/metadata-annotation/metadata-annotation-frontend/src/app/modules/shared/models/metadata-created-tab-content.model.ts", "TypeScript", 0, 0, 0, 0, 0, 20, 0, 0, 0, 0, 7, 27
"/usr/local/projects/metadata-annotation/metadata-annotation-frontend/src/app/modules/shared/models/metadata-created-tab.model.spec.ts", "TypeScript", 0, 0, 0, 0, 0, 6, 0, 0, 0, 0, 2, 8
"/usr/local/projects/metadata-annotation/metadata-annotation-frontend/src/app/modules/shared/models/metadata-created-tab.model.ts", "TypeScript", 0, 0, 0, 0, 0, 21, 0, 0, 0, 0, 7, 28
"/usr/local/projects/metadata-annotation/metadata-annotation-frontend/src/app/modules/shared/models/metadata-post-request.model.spec.ts", "TypeScript", 0, 0, 0, 0, 0, 6, 0, 0, 0, 0, 2, 8
"/usr/local/projects/metadata-annotation/metadata-annotation-frontend/src/app/modules/shared/models/metadata-post-request.model.ts", "TypeScript", 0, 0, 0, 0, 0, 20, 0, 0, 0, 0, 6, 26
"/usr/local/projects/metadata-annotation/metadata-annotation-frontend/src/app/modules/shared/models/metadata-server-response.model.ts", "TypeScript", 0, 0, 0, 0, 0, 4, 0, 0, 0, 0, 1, 5
"/usr/local/projects/metadata-annotation/metadata-annotation-frontend/src/app/modules/shared/models/metadata-user-resource-block-sortable-field.model.ts", "TypeScript", 0, 0, 0, 0, 0, 4, 0, 0, 0, 0, 1, 5
"/usr/local/projects/metadata-annotation/metadata-annotation-frontend/src/app/modules/shared/models/metadata-user-resource-server-response.model.ts", "TypeScript", 0, 0, 0, 0, 0, 9, 0, 0, 0, 0, 1, 10
"/usr/local/projects/metadata-annotation/metadata-annotation-frontend/src/app/modules/shared/models/metadata-user-resource.model.ts", "TypeScript", 0, 0, 0, 0, 0, 16, 0, 0, 0, 0, 2, 18
"/usr/local/projects/metadata-annotation/metadata-annotation-frontend/src/app/modules/shared/models/render-option.model.ts", "TypeScript", 0, 0, 0, 0, 0, 11, 0, 0, 0, 0, 1, 12
"/usr/local/projects/metadata-annotation/metadata-annotation-frontend/src/app/modules/shared/models/update-navigation.model.ts", "TypeScript", 0, 0, 0, 0, 0, 4, 0, 0, 0, 0, 1, 5
"/usr/local/projects/metadata-annotation/metadata-annotation-frontend/src/app/modules/shared/services/alert.service.ts", "TypeScript", 0, 0, 0, 0, 0, 67, 0, 0, 0, 56, 38, 161
"/usr/local/projects/metadata-annotation/metadata-annotation-frontend/src/app/modules/shared/services/autocomplete-mapping.service.ts", "TypeScript", 0, 0, 0, 0, 0, 94, 0, 0, 0, 125, 40, 259
"/usr/local/projects/metadata-annotation/metadata-annotation-frontend/src/app/modules/shared/services/autocomplete-schema.service.ts", "TypeScript", 0, 0, 0, 0, 0, 83, 0, 0, 0, 121, 34, 238
"/usr/local/projects/metadata-annotation/metadata-annotation-frontend/src/app/modules/shared/services/autocomplete.service.spec.ts", "TypeScript", 0, 0, 0, 0, 0, 15, 0, 0, 0, 0, 5, 20
"/usr/local/projects/metadata-annotation/metadata-annotation-frontend/src/app/modules/shared/services/autocomplete.service.ts", "TypeScript", 0, 0, 0, 0, 0, 475, 0, 0, 0, 351, 280, 1106
"/usr/local/projects/metadata-annotation/metadata-annotation-frontend/src/app/modules/shared/services/dependency.service.ts", "TypeScript", 0, 0, 0, 0, 0, 113, 0, 0, 0, 83, 77, 273
"/usr/local/projects/metadata-annotation/metadata-annotation-frontend/src/app/modules/shared/services/event-helper.service.spec.ts", "TypeScript", 0, 0, 0, 0, 0, 12, 0, 0, 0, 0, 5, 17
"/usr/local/projects/metadata-annotation/metadata-annotation-frontend/src/app/modules/shared/services/event-helper.service.ts", "TypeScript", 0, 0, 0, 0, 0, 12, 0, 0, 0, 7, 6, 25
"/usr/local/projects/metadata-annotation/metadata-annotation-frontend/src/app/modules/shared/services/helper.service.spec.ts", "TypeScript", 0, 0, 0, 0, 0, 12, 0, 0, 0, 0, 5, 17
"/usr/local/projects/metadata-annotation/metadata-annotation-frontend/src/app/modules/shared/services/helper.service.ts", "TypeScript", 0, 0, 0, 0, 0, 141, 0, 0, 0, 95, 66, 302
"/usr/local/projects/metadata-annotation/metadata-annotation-frontend/src/app/modules/shared/services/html-helper.service.spec.ts", "TypeScript", 0, 0, 0, 0, 0, 12, 0, 0, 0, 0, 5, 17
"/usr/local/projects/metadata-annotation/metadata-annotation-frontend/src/app/modules/shared/services/html-helper.service.ts", "TypeScript", 0, 0, 0, 0, 0, 167, 0, 0, 0, 157, 109, 433
"/usr/local/projects/metadata-annotation/metadata-annotation-frontend/src/app/modules/shared/services/render-helper.service.ts", "TypeScript", 0, 0, 0, 0, 0, 116, 0, 0, 0, 92, 67, 275
"/usr/local/projects/metadata-annotation/metadata-annotation-frontend/src/app/modules/shared/services/render-options.service.ts", "TypeScript", 0, 0, 0, 0, 0, 79, 0, 0, 0, 120, 25, 224
"/usr/local/projects/metadata-annotation/metadata-annotation-frontend/src/app/modules/shared/services/settings.service.spec.ts", "TypeScript", 0, 0, 0, 0, 0, 12, 0, 0, 0, 0, 5, 17
"/usr/local/projects/metadata-annotation/metadata-annotation-frontend/src/app/modules/shared/services/settings.service.ts", "TypeScript", 0, 0, 0, 0, 0, 121, 0, 0, 0, 139, 97, 357
"/usr/local/projects/metadata-annotation/metadata-annotation-frontend/src/app/modules/shared/services/user-data.service.ts", "TypeScript", 0, 0, 0, 0, 0, 96, 0, 0, 0, 69, 38, 203
"/usr/local/projects/metadata-annotation/metadata-annotation-frontend/src/app/modules/shared/shared.module.ts", "TypeScript", 0, 0, 0, 0, 0, 25, 0, 0, 0, 0, 2, 27
"/usr/local/projects/metadata-annotation/metadata-annotation-frontend/src/app/modules/user/components/user-metadata-resources/user-metadata-resources.component.html", "HTML", 0, 0, 0, 0, 89, 0, 0, 0, 0, 21, 23, 133
"/usr/local/projects/metadata-annotation/metadata-annotation-frontend/src/app/modules/user/components/user-metadata-resources/user-metadata-resources.component.scss", "SCSS", 0, 0, 0, 0, 0, 0, 164, 0, 0, 0, 68, 232
"/usr/local/projects/metadata-annotation/metadata-annotation-frontend/src/app/modules/user/components/user-metadata-resources/user-metadata-resources.component.spec.ts", "TypeScript", 0, 0, 0, 0, 0, 20, 0, 0, 0, 0, 6, 26
"/usr/local/projects/metadata-annotation/metadata-annotation-frontend/src/app/modules/user/components/user-metadata-resources/user-metadata-resources.component.ts", "TypeScript", 0, 0, 0, 0, 0, 217, 0, 0, 0, 77, 63, 357
"/usr/local/projects/metadata-annotation/metadata-annotation-frontend/src/app/modules/user/components/user-profile/user-profile.component.html", "HTML", 0, 0, 0, 0, 7, 0, 0, 0, 0, 0, 4, 11
"/usr/local/projects/metadata-annotation/metadata-annotation-frontend/src/app/modules/user/components/user-profile/user-profile.component.scss", "SCSS", 0, 0, 0, 0, 0, 0, 9, 0, 0, 0, 6, 15
"/usr/local/projects/metadata-annotation/metadata-annotation-frontend/src/app/modules/user/components/user-profile/user-profile.component.spec.ts", "TypeScript", 0, 0, 0, 0, 0, 20, 0, 0, 0, 0, 6, 26
"/usr/local/projects/metadata-annotation/metadata-annotation-frontend/src/app/modules/user/components/user-profile/user-profile.component.ts", "TypeScript", 0, 0, 0, 0, 0, 21, 0, 0, 0, 0, 9, 30
"/usr/local/projects/metadata-annotation/metadata-annotation-frontend/src/app/modules/user/user-routing.module.ts", "TypeScript", 0, 0, 0, 0, 0, 15, 0, 0, 0, 0, 3, 18
"/usr/local/projects/metadata-annotation/metadata-annotation-frontend/src/app/modules/user/user.module.ts", "TypeScript", 0, 0, 0, 0, 0, 26, 0, 0, 0, 0, 5, 31
"/usr/local/projects/metadata-annotation/metadata-annotation-frontend/src/app/styles/_base.scss", "SCSS", 0, 0, 0, 0, 0, 0, 32, 0, 0, 0, 9, 41
"/usr/local/projects/metadata-annotation/metadata-annotation-frontend/src/app/styles/_mixins.scss", "SCSS", 0, 0, 0, 0, 0, 0, 146, 0, 0, 44, 76, 266
"/usr/local/projects/metadata-annotation/metadata-annotation-frontend/src/app/styles/_shared_variables.scss", "SCSS", 0, 0, 0, 0, 0, 0, 38, 0, 0, 8, 17, 63
"/usr/local/projects/metadata-annotation/metadata-annotation-frontend/src/app/styles/partials/_autocomplete.scss", "SCSS", 0, 0, 0, 0, 0, 0, 153, 0, 0, 2, 60, 215
"/usr/local/projects/metadata-annotation/metadata-annotation-frontend/src/app/styles/partials/_buttons.scss", "SCSS", 0, 0, 0, 0, 0, 0, 38, 0, 0, 0, 14, 52
"/usr/local/projects/metadata-annotation/metadata-annotation-frontend/src/app/styles/partials/_forms.scss", "SCSS", 0, 0, 0, 0, 0, 0, 22, 0, 0, 0, 11, 33
"/usr/local/projects/metadata-annotation/metadata-annotation-frontend/src/app/styles/partials/_loading.scss", "SCSS", 0, 0, 0, 0, 0, 0, 124, 0, 0, 7, 35, 166
"/usr/local/projects/metadata-annotation/metadata-annotation-frontend/src/app/styles/partials/_sidenav.scss", "SCSS", 0, 0, 0, 0, 0, 0, 7, 0, 0, 0, 4, 11
"/usr/local/projects/metadata-annotation/metadata-annotation-frontend/src/app/styles/partials/_xsd2html2xml.scss", "SCSS", 0, 0, 0, 0, 0, 0, 191, 0, 0, 5, 80, 276
"/usr/local/projects/metadata-annotation/metadata-annotation-frontend/src/assets/auth/silent-check-sso.html", "HTML", 0, 0, 0, 0, 7, 0, 0, 0, 0, 0, 1, 8
"/usr/local/projects/metadata-annotation/metadata-annotation-frontend/src/assets/dummy-data/dummy-autocomplete.json", "JSON", 5, 0, 0, 0, 0, 0, 0, 0, 0, 0, 1, 6
"/usr/local/projects/metadata-annotation/metadata-annotation-frontend/src/assets/dummy-data/ontologies/vocabulary_from_cellOntology.json", "JSON", 2390, 0, 0, 0, 0, 0, 0, 0, 0, 0, 1, 2391
"/usr/local/projects/metadata-annotation/metadata-annotation-frontend/src/assets/dummy-data/ontologies/vocabulary_from_environmentOntology.json", "JSON", 4570, 0, 0, 0, 0, 0, 0, 0, 0, 0, 1, 4571
"/usr/local/projects/metadata-annotation/metadata-annotation-frontend/src/assets/dummy-data/ontologies/vocabulary_from_organismOntology.json", "JSON", 40010, 0, 0, 0, 0, 0, 0, 0, 0, 0, 1, 40011
"/usr/local/projects/metadata-annotation/metadata-annotation-frontend/src/assets/dummy-data/ontologies/vocabulary_from_tissueOntology.json", "JSON", 26885, 0, 0, 0, 0, 0, 0, 0, 0, 0, 1, 26886
"/usr/local/projects/metadata-annotation/metadata-annotation-frontend/src/assets/dummy-data/user-data/dummy_user-data.json", "JSON", 15, 0, 0, 0, 0, 0, 0, 0, 0, 0, 1, 16
"/usr/local/projects/metadata-annotation/metadata-annotation-frontend/src/assets/dummy-data/vocabulary_fom_cellOntology.json", "JSON", 2389, 0, 0, 0, 0, 0, 0, 0, 0, 0, 1, 2390
"/usr/local/projects/metadata-annotation/metadata-annotation-frontend/src/assets/dummy-data/vocabulary_from_environmentOntology.json", "JSON", 4569, 0, 0, 0, 0, 0, 0, 0, 0, 0, 1, 4570
"/usr/local/projects/metadata-annotation/metadata-annotation-frontend/src/assets/dummy-data/vocabulary_from_ncbitaxonOntology.json", "JSON", 80010, 0, 0, 0, 0, 0, 0, 0, 0, 0, 1, 80011
"/usr/local/projects/metadata-annotation/metadata-annotation-frontend/src/assets/dummy-data/vocabulary_test.json", "JSON", 715, 0, 0, 0, 0, 0, 0, 0, 0, 0, 0, 715
"/usr/local/projects/metadata-annotation/metadata-annotation-frontend/src/assets/dummy-data/xml-data/empty_all_schemes.xml", "XML", 0, 0, 0, 0, 0, 0, 0, 124, 0, 0, 1, 125
"/usr/local/projects/metadata-annotation/metadata-annotation-frontend/src/assets/dummy-data/xml-data/mixed13.xml", "XML", 0, 0, 0, 0, 0, 0, 0, 1, 0, 0, 1, 2
"/usr/local/projects/metadata-annotation/metadata-annotation-frontend/src/assets/metadata-schemes/BiodatenMinimal.xsd", "XML", 0, 0, 0, 0, 0, 0, 0, 1, 0, 0, 0, 1
"/usr/local/projects/metadata-annotation/metadata-annotation-frontend/src/assets/metadata-schemes/datacite.xsd", "XML", 0, 0, 0, 0, 0, 0, 0, 662, 0, 43, 3, 708
"/usr/local/projects/metadata-annotation/metadata-annotation-frontend/src/assets/metadata-schemes/premis.xsd", "XML", 0, 0, 0, 0, 0, 0, 0, 749, 0, 424, 51, 1224
"/usr/local/projects/metadata-annotation/metadata-annotation-frontend/src/assets/xsd2html2xml/css/xsd2html2xml.css", "CSS", 0, 0, 0, 0, 0, 0, 0, 0, 29, 0, 1, 30
"/usr/local/projects/metadata-annotation/metadata-annotation-frontend/src/assets/xsd2html2xml/js/old_2021-09-06.xsd2html2xml-global.js", "JavaScript", 0, 0, 779, 0, 0, 0, 0, 0, 0, 82, 123, 984
"/usr/local/projects/metadata-annotation/metadata-annotation-frontend/src/assets/xsd2html2xml/js/xsd2html2xml-global.js", "JavaScript", 0, 0, 821, 0, 0, 0, 0, 0, 0, 102, 139, 1062
"/usr/local/projects/metadata-annotation/metadata-annotation-frontend/src/assets/xsd2html2xml/js/xsd2html2xml.js", "JavaScript", 0, 0, 719, 0, 0, 0, 0, 0, 0, 39, 83, 841
"/usr/local/projects/metadata-annotation/metadata-annotation-frontend/src/environments/environment.prod.ts", "TypeScript", 0, 0, 0, 0, 0, 3, 0, 0, 0, 0, 1, 4
"/usr/local/projects/metadata-annotation/metadata-annotation-frontend/src/environments/environment.ts", "TypeScript", 0, 0, 0, 0, 0, 3, 0, 0, 0, 11, 3, 17
"/usr/local/projects/metadata-annotation/metadata-annotation-frontend/src/index.html", "HTML", 0, 0, 0, 0, 33, 0, 0, 0, 0, 0, 6, 39
"/usr/local/projects/metadata-annotation/metadata-annotation-frontend/src/main.ts", "TypeScript", 0, 0, 0, 0, 0, 17, 0, 0, 0, 2, 9, 28
"/usr/local/projects/metadata-annotation/metadata-annotation-frontend/src/polyfills.ts", "TypeScript", 0, 0, 0, 0, 0, 1, 0, 0, 0, 57, 8, 66
"/usr/local/projects/metadata-annotation/metadata-annotation-frontend/src/styles.scss", "SCSS", 0, 0, 0, 0, 0, 0, 1, 0, 0, 0, 1, 2
"/usr/local/projects/metadata-annotation/metadata-annotation-frontend/src/test.ts", "TypeScript", 0, 0, 0, 0, 0, 38, 0, 0, 0, 4, 5, 47
"/usr/local/projects/metadata-annotation/metadata-annotation-frontend/tsconfig.app.json", "JSON", 14, 0, 0, 0, 0, 0, 0, 0, 0, 1, 1, 16
"/usr/local/projects/metadata-annotation/metadata-annotation-frontend/tsconfig.json", "JSON with Comments", 0, 0, 0, 29, 0, 0, 0, 0, 0, 1, 1, 31
"/usr/local/projects/metadata-annotation/metadata-annotation-frontend/tsconfig.spec.json", "JSON", 17, 0, 0, 0, 0, 0, 0, 0, 0, 1, 1, 19
"Total", "-", 173791, 14, 2362, 29, 1269, 5890, 2365, 1537, 29, 4401, 4444, 196131